VideoTitle,Video Url,Views,Posted,Videolength
All Your Queries Answered | DSA to Development Program | GeeksforGeeks,https://www.youtube.com/watch?v=kHBzDvj3D2U,502 ,10 hours ago,3:47
Complete School Guide for CBSE | Free Resources For School Students | GeeksforGeeks,https://www.youtube.com/watch?v=1ECMlxC6jbs,498 ,7 days ago,0:56
"Unraveling the Geek-a-thon: The What, How, and Why | Geek-A-Thon | GeeksforGeeks",https://www.youtube.com/watch?v=6e0v_NhsFMQ,437 ,11 days ago,45:44
GeeksforGeeks Offline Classroom Program | Now Open In Noida & Gurgaon,https://www.youtube.com/watch?v=2bPiFkt3Nmg,8.6K ,13 days ago,0:28
First Ever KBC at our Offline Classes | GeeksforGeeks,https://www.youtube.com/watch?v=chYg2EAKW2A,594 ,2 weeks ago,0:37
Explore GeeksforGeeks Hiring Solutions | For Top Tech Companies | Innovative Hiring Solutions,https://www.youtube.com/watch?v=GDeoPHRqb5w,595 ,1 month ago,2:51
Web 3.0 Explained | GeeksforGeeks,https://www.youtube.com/watch?v=zEPRJMk3p90,1.5K ,1 month ago,17:08
What Is Web Scraping & What It Is Used For | How To Use Web Scraping | GeeksforGeeks,https://www.youtube.com/watch?v=MK15a0ipg-E,1K ,1 month ago,2:47
DSA To Development: A Complete Coding Guide | Complete Coding Program By GeeksforGeeks,https://www.youtube.com/watch?v=phr8lXH2Ee0,49K ,1 month ago,0:43
Queue Practice Questions (Updated) | DSA Concepts | GeeksforGeeks,https://www.youtube.com/watch?v=KG4dbF5xRig,1K ,1 month ago,12:14
Python Libraries | Data Science | GeeksforGeeks,https://www.youtube.com/watch?v=nDa75spDmeE,1.2K ,2 months ago,1:26
Full Stack Development | LIVE Classes | GeeksforGeeks,https://www.youtube.com/watch?v=cBfC9HLR9Qk,91K ,2 months ago,0:35
What is Arrays | Arrays Explained | New Video - GeeksforGeeks,https://www.youtube.com/watch?v=3_x_Fb31NLE,2.5K ,2 months ago,9:48
Gate 2024: Prepare for Success! | GATE CSE 2024 | GeeksforGeeks,https://www.youtube.com/watch?v=G-3vZKPEtKw,27K ,2 months ago,0:52
React VS Angular VS Vue | GeeksforGeeks,https://www.youtube.com/watch?v=sA2vgFR-fZc,3K ,2 months ago,1:35
Transformers in NLP | GeeksforGeeks,https://www.youtube.com/watch?v=-eqjV5dwb9Q,2.2K ,3 months ago,28:45
Job Fair for Students | Till 25th May Only | GeeksforGeeks,https://www.youtube.com/watch?v=1GEegOb3fHE,82K ,3 months ago,0:39
Hire Best Talent with GeeksforGeeks,https://www.youtube.com/watch?v=xifGlf39ahQ,14K ,3 months ago,0:54
Start your writing Journey | Geek Author Badges | GeeksforGeeks,https://www.youtube.com/watch?v=ISPOKldx90E,1.2K ,3 months ago,1:12
Create Your Own Apps Today | GeeksforGeeks,https://www.youtube.com/watch?v=LycNCWC3g18,34K ,3 months ago,0:38
Ernie vs ChatGPT | GeeksforGeeks,https://www.youtube.com/watch?v=iM-EpJHn59Q,1K ,4 months ago,1:32
How to become a Full Stack Developer | GeeksforGeeks,https://www.youtube.com/watch?v=uSx5XsCkX3c,4.7K ,4 months ago,11:57
UI/UX Trends every Startup must know! | @thegeekmonk1707 |GeeksforGeeks,https://www.youtube.com/watch?v=_E6_jZJAT3k,1K ,4 months ago,2:03
How to Use GPT 4 | How it's better from GPT 3 | GeeksforGeeks,https://www.youtube.com/watch?v=Mnx3TAgbX7o,3.9K ,4 months ago,3:42
How to avoid getting Laid Off | ft. Dr. Sneha Sharma,https://www.youtube.com/watch?v=s4frRcj17AM,1.1K ,4 months ago,31:37
CodeCast Ep. 3 | Learn all About Competitive Programming | @PriyanshAgarwal with Mr. Sandeep Jain,https://www.youtube.com/watch?v=5uAFQqdS9oA,5.8K ,4 months ago,31:56
Roadmap to Amazon | Twinkle Bajaj - SDE at Amazon,https://www.youtube.com/watch?v=nRbR9A_8nMQ,1.7K ,5 months ago,18:30
Solving For India Hackathon | @googlecloud X AMD | GeeksforGeeks,https://www.youtube.com/watch?v=p0FQuaFLh0A,2.4K ,5 months ago,0:47
OpenAI's ChatGPT & GPT 4 | Google's BARD AI | Will AI Replace You?,https://www.youtube.com/watch?v=2RcaFQzCgys,1.9K ,5 months ago,35:45
ðŸŽŠCelebrating Bi-Wizard's First AnniversaryðŸŽŠ | Join the Best Young Coders in the World,https://www.youtube.com/watch?v=D8aEoRbwC64,613 ,5 months ago,0:31
An Opportunity for Recruiters to Hire Top Tech Talent | Jobs Fair 2023 | GeeksforGeeks,https://www.youtube.com/watch?v=RbQt5dz8Dws,1.7K ,5 months ago,0:26
Roadmap To Master Recursion? Roadmap To Master Recursion! | GeeksforGeeks,https://www.youtube.com/watch?v=51JvvwqQmlQ,2.4K ,5 months ago,1:52
The Art of Becoming a Successful Coder | GeeksforGeeks,https://www.youtube.com/watch?v=jO2SyGwS4bA,6.7K ,6 months ago,15:06
Mistakes to Avoid in Your Next Job Interview | GeeksforGeeks,https://www.youtube.com/watch?v=1uO3E57gPpE,1.5K ,6 months ago,1:02
Correct Your Mistakes in 1 minute | Data Science | GeeksforGeeks,https://www.youtube.com/watch?v=vNiiuh__7u0,1.2K ,6 months ago,0:46
LIVE DSA Sessions By Everyone's Favorite Teacher!,https://www.youtube.com/watch?v=qCioG1rwM6I,4.7K ,6 months ago,0:32
The Top 5 DSA Fails (and How to Avoid Them!),https://www.youtube.com/watch?v=jMjSpFObSKM,3.3K ,7 months ago,5:40
"â›„ Merry Christmas, Geeks! â›„ | Keep Coding Keep Learning | GeeksforGeeks",https://www.youtube.com/watch?v=AESq1z0Okb0,1.4K ,7 months ago,0:15
Service Based Test Series By GeeksforGeeks,https://www.youtube.com/watch?v=84a0IXscfgE,1K ,8 months ago,1:05
Landing SDE Role at Paytm | GeeksforGeeks,https://www.youtube.com/watch?v=fyo53bLMyA4,1.5K ,8 months ago,2:50
Roadmap to a Career at Amazon | Preparation Strategies by Senior QAE | GeeksforGeeks,https://www.youtube.com/watch?v=e_nnIOwhgzY,5.3K ,9 months ago,27:52
Data Analysis Complete Roadmap | GeeksforGeeks,https://www.youtube.com/watch?v=VIg0Ka5U3LA,3.2K ,9 months ago,6:01
Geek Week 2022 |11th - 17th October | GeeksforGeeks,https://www.youtube.com/watch?v=Aby3ldYnIQE,3.4K ,9 months ago,0:59
Stay Tuned for a Big Surprise!!! | GeeksforGeeks,https://www.youtube.com/watch?v=STVrifPDpVU,3.1K ,10 months ago,0:18
Roadmap to a CAREER AT WALMART | Preparation Strategies by Walmart SDE | GeeksforGeeks,https://www.youtube.com/watch?v=AQHyMunhc_k,5.1K ,10 months ago,30:45
